idapplicant,idapartmentlocation,iduser,accepted,socialSecurity,address,city,zip,phoneNumber,employedBy,JobTitle,monthlyGrossPay,criminalBackgroundCheck,location,numberOfRooms,price
1,1,1,1,232582992,723-3617 Feugiat. Rd.,Wijnegem,61854,(130) 295-6342,Molestie Sodales Mauris Incorporated,Human Resources,1461,1,Valfabbrica,1,1390
2,2,2,0,297733350,"Ap #468-4079 Et, Ave",Codó,76074,(445) 386-6936,Nisi Sem Semper Associates,Media Relations,610,0,Olathe,2,829
3,3,3,0,275174748,"P.O. Box 598, 8375 Tellus, Av.",Merbes-Sainte-Marie,92401,(691) 409-8213,Non Ante Incorporated,Finances,1972,1,Pedro Aguirre Cerda,1,1134
4,4,4,0,255029285,Ap #564-9706 Mi. Road,Laarne,78348,(422) 774-3790,Nisi Incorporated,Public Relations,1569,0,Kanpur,1,993
5,5,5,0,248825527,613-8817 Nunc Rd.,Köflach,39656,(315) 699-1454,Integer Consulting,Accounting,1400,0,Drogenbos,2,1237
6,6,6,1,271823924,9770 Blandit Rd.,Emblem,61477,(583) 727-7534,Amet Limited,Accounting,2279,1,Gerpinnes,1,1308
7,7,7,1,236919061,"P.O. Box 402, 5251 Purus. Ave",Orp-le-Grand,72000,(425) 528-9098,Vitae Erat Incorporated,Asset Management,1692,1,Mussy-la-Ville,2,1228
8,8,8,0,206585136,"934-8173 Vestibulum, Ave",Saint Andr?,60518,(142) 451-8331,Congue A Aliquet Ltd,Legal Department,1056,1,Vico nel Lazio,2,1500
9,9,9,1,213104220,"679-2853 Id, St.",Gellik,98034,(634) 408-8974,Aliquam Corporation,Quality Assurance,1806,0,Bad Dürkheim,2,1396
10,10,10,1,238156801,862-5562 Nulla. Rd.,Habergy,49887,(374) 167-1829,Fermentum Company,Sales and Marketing,1547,0,Vadodara,2,1016
11,11,11,0,291597533,"Ap #218-8463 Fringilla, Ave",Noisy-le-Grand,10975,(462) 381-8268,Dolor Sit Amet Foundation,Customer Relations,3825,1,Saint-Nazaire,2,1030
12,12,12,0,223003772,"P.O. Box 165, 3192 Id Rd.",Llanquihue,22374,(199) 825-5331,Risus A Inc.,Media Relations,3180,0,Omaha,1,1435
13,13,13,1,215099309,"P.O. Box 212, 4984 Lobortis Rd.",Laval,35512,(801) 466-8945,A Neque Industries,Customer Service,3826,0,Aiseau,2,738
14,14,14,0,274301866,"P.O. Box 141, 4860 Lacus. Street",Wimmertingen,93922,(225) 630-6903,Non Foundation,Asset Management,2369,1,Poggio Berni,2,750
15,15,15,0,291821823,688-8967 Neque. Rd.,Conchalí,62379,(291) 792-2484,Pellentesque Massa Lobortis Consulting,Advertising,3845,1,Springdale,1,1277
16,16,16,0,275930092,Ap #211-4474 Non Av.,Rudiano,38034,(882) 242-6011,Rutrum Company,Customer Service,3815,0,Luino,1,1237
17,17,17,0,271792583,"Ap #765-2500 Lorem, St.",Essex,87523,(723) 551-0373,Suspendisse Corporation,Finances,1896,1,Tay,1,715
18,18,18,1,285894777,"P.O. Box 718, 7169 Aliquam Avenue",Velaine-sur-Sambre,76865,(917) 190-6192,Curae; Ltd,Payroll,2663,0,Almere,3,1114
19,19,19,1,204816809,"P.O. Box 555, 2699 Donec Av.",San José de Maipo,81371,(886) 310-6858,Adipiscing Ltd,Tech Support,1335,0,Maranello,3,1328
20,20,20,1,216642274,Ap #901-1839 Mollis Road,Nelson,27744,(121) 230-8812,Euismod Enim Incorporated,Advertising,1874,0,McCallum,1,894
21,21,21,0,266135192,866-3427 Nam Ave,Ottignies-Louvain-la-Neuve,97820,(908) 551-0307,Semper Nam Foundation,Quality Assurance,2885,0,Crawley,2,870
22,22,22,1,200631757,"P.O. Box 389, 9268 Lorem, St.",Chesterfield,59127,(393) 602-7207,Phasellus Dolor Elit Ltd,Public Relations,2127,1,Nadrin,1,764
23,23,23,1,231545192,"P.O. Box 615, 4919 Velit Avenue",Anantapur,44111,(114) 364-7706,Scelerisque Dui Suspendisse Limited,Customer Service,2335,0,Los Lagos,1,891
24,24,24,0,299091363,5704 Quis Rd.,Billings,52149,(780) 384-3050,Dis Ltd,Advertising,3327,0,Johnstone,2,881
25,25,25,0,214683608,853 Tristique Rd.,Issy-les-Moulineaux,61032,(134) 511-4091,Amet Industries,Sales and Marketing,1036,1,San Joaquín,1,957
26,26,26,0,273035767,912-8721 Magna St.,Oamaru,62366,(296) 994-8908,Egestas Rhoncus Proin Limited,Human Resources,1213,0,Ashoknagar-Kalyangarh,2,1201
27,27,27,1,249281792,"P.O. Box 948, 3131 Laoreet Avenue",Stekene,36066,(950) 376-5210,Cras Consulting,Customer Relations,1844,0,Montemignaio,3,931
28,28,28,0,230729263,"P.O. Box 779, 1150 Egestas St.",Anderlues,70817,(380) 378-2151,Egestas PC,Quality Assurance,2259,0,Quillota,3,981
29,29,29,1,264346119,"P.O. Box 720, 6056 Pede Ave",Hulst,37063,(146) 237-9102,Class Limited,Tech Support,3451,0,Gaasbeek,1,1256
30,30,30,0,231045069,"P.O. Box 333, 9148 Dui. Road",Devizes,48059,(482) 937-3426,Sit Amet Industries,Payroll,2431,0,Courbevoie,3,1302
31,31,31,0,208790070,418 Mollis Av.,Lustenau,26934,(122) 314-7031,Fringilla Consulting,Finances,2270,0,Luziânia,1,1416
32,32,32,1,291393437,Ap #315-2536 Nunc Street,Talca,68972,(536) 393-9499,Inceptos Hymenaeos LLC,Research and Development,1819,1,Beausejour,3,708
33,33,33,1,287819288,3718 Ipsum Ave,Rahim Yar Khan,14125,(185) 546-4153,Nunc Ac Sem Consulting,Media Relations,3479,1,San Gregorio,3,1415
34,34,34,1,218841403,"Ap #582-1844 Est, Rd.",Hapur,27853,(291) 859-0240,Curabitur Vel LLP,Asset Management,2812,1,Duluth,3,718
35,35,35,1,216693640,603-102 Libero Av.,Longchamps,71087,(888) 739-3392,Purus Ac Tellus Company,Legal Department,524,1,Pretoro,1,907
36,36,36,1,253930195,552-1196 Eleifend Av.,Hofors,30072,(327) 794-0842,Cursus In Ltd,Legal Department,1357,1,Weiz,2,1175
37,37,37,0,257810367,Ap #874-7926 Fringilla Road,Lowestoft,45517,(700) 508-3255,Tempus Eu Ligula Institute,Finances,3856,0,Dhanbad,1,1457
38,38,38,1,277648134,5243 Sed Avenue,Warspite,53306,(441) 288-3988,Dolor Egestas Associates,Accounting,2559,0,Camaçari,2,886
39,39,39,1,273119775,"P.O. Box 650, 6682 Est. Rd.",Dolgellau,98225,(312) 685-0141,Gravida Molestie Associates,Customer Relations,801,1,Grand Falls,3,1237
40,40,40,1,268395996,"1430 Orci, Rd.",Clearwater Municipal District,31749,(956) 341-3970,Ullamcorper Magna Sed Company,Tech Support,2526,0,Boncelles,3,805
41,41,41,0,207108147,2503 Et Road,Bridge of Allan,19188,(758) 980-5963,Accumsan Neque Et Inc.,Quality Assurance,2590,1,Chaudfontaine,3,1393
42,42,42,0,216930359,"P.O. Box 120, 2621 Rhoncus. Street",Phoenix,18295,(559) 304-6844,Sociis Natoque Penatibus Company,Asset Management,2296,0,Sant'Eusanio Forconese,2,1106
43,43,43,0,217072331,Ap #178-2803 Cursus. St.,Milena,35179,(327) 245-1043,Dolor Industries,Asset Management,2560,1,Waarloos,1,849
44,44,44,1,236894029,2068 Tellus Avenue,Rouyn-Noranda,48567,(508) 783-2873,Sed Turpis Limited,Quality Assurance,899,0,Craco,1,1399
45,45,45,0,209806159,"P.O. Box 163, 7132 Etiam St.",Wambeek,29966,(822) 785-3877,Rutrum Ltd,Legal Department,950,0,Sovizzo,2,1187
46,46,46,0,259502414,304-7944 Tempor Ave,Monghidoro,48313,(617) 113-8844,Morbi Tristique Corp.,Accounting,2644,1,Asse,2,1098
47,47,47,0,274264029,8388 Blandit Ave,Piotrków Trybunalski,22060,(907) 965-3272,Leo In Lobortis PC,Human Resources,1803,1,Waterbury,1,1490
48,48,48,1,285851060,"P.O. Box 361, 1933 Quisque Rd.",Itabuna,24975,(161) 678-1430,Lectus Convallis Company,Customer Relations,2223,0,Sheffield,2,1475
49,49,49,1,227751169,"P.O. Box 634, 2106 Ultrices Av.",Fairbanks,43716,(865) 275-9515,Nulla Donec Company,Customer Service,629,0,Nanterre,3,1191
50,50,50,0,210080715,5888 Ultrices. St.,Rocky View,95089,(819) 573-0162,Id Incorporated,Sales and Marketing,1914,1,Dudley,2,879
51,51,51,0,209801192,"901-1282 Tincidunt, Ave",Denderwindeke,97022,(913) 207-9698,Sem Pellentesque Ut Foundation,Public Relations,540,0,Stendal,3,976
52,52,52,0,279650455,Ap #994-3481 Aliquet. Avenue,Vicuña,77457,(873) 800-3285,Lacus Vestibulum Lorem Ltd,Human Resources,3653,1,Henley-on-Thames,3,1367
53,53,53,0,242802377,505-5173 Vestibulum Rd.,Alsemberg,42069,(405) 133-6094,Sodales Mauris Blandit Institute,Legal Department,2595,0,?mamo?lu,2,1257
54,54,54,0,250529648,303 Faucibus Av.,Kitchener,80745,(775) 119-5497,Risus Morbi Metus Corporation,Tech Support,3459,1,Montgomery,2,1330
55,55,55,1,277667409,Ap #126-5685 Proin Rd.,Valleyview,86732,(284) 386-5487,Erat Vivamus Institute,Legal Department,1992,0,Hearst,1,1376
56,56,56,1,206593556,"P.O. Box 426, 2539 Et, St.",Puqueldón,94785,(560) 339-2918,Ut Nisi A Company,Advertising,1577,0,As,3,984
57,57,57,1,230751611,Ap #869-7077 Adipiscing Rd.,Huelva,54533,(586) 108-1422,Phasellus Incorporated,Payroll,2589,0,Corroy-le-Ch‰teau,1,1159
58,58,58,1,281726044,709-7233 Orci Avenue,Konya,41126,(994) 417-3913,Risus Inc.,Finances,2530,1,Launceston,3,1317
59,59,59,1,271059725,4465 Lobortis Ave,Almelo,97512,(566) 102-9819,Integer Limited,Tech Support,3810,1,Crewe,2,1157
60,60,60,1,275193213,809-7890 Semper Rd.,Breda,74347,(960) 693-3504,Et Limited,Public Relations,3871,0,Grimma,2,947
61,61,61,1,206285172,"P.O. Box 626, 4620 Egestas Road",Hamme-Mille,79070,(651) 469-3494,Varius Et Euismod Inc.,Human Resources,2362,1,Kansas City,2,1357
62,62,62,0,245057783,"P.O. Box 319, 8859 Fringilla, Rd.",Anderlecht,80627,(881) 210-8714,Libero Industries,Sales and Marketing,794,1,Troyes,1,896
63,63,63,0,291637162,"P.O. Box 430, 6875 Phasellus Street",Hamme,94210,(508) 145-6097,Nullam Enim Incorporated,Research and Development,2399,0,Bokaro Steel City,1,996
64,64,64,1,272905961,"P.O. Box 792, 490 Enim. Avenue",Alma,52756,(613) 208-5893,Magna Sed Dui Company,Customer Relations,3053,0,Brindisi,3,1061
65,65,65,1,248990637,"2763 Placerat, Ave",Spy,11488,(443) 604-8420,Magna Suspendisse Industries,Media Relations,2642,0,Ville de Maniwaki,2,1058
66,66,66,0,280298460,480-9222 Dolor St.,Groß-Gerau,21743,(341) 496-3081,At Auctor Ullamcorper Inc.,Customer Service,2744,0,Fossato Serralta,3,1307
67,67,67,0,221473770,3142 Aenean Avenue,Lauro de Freitas,21854,(220) 520-1531,Placerat Institute,Advertising,913,0,Duque de Caxias,2,728
68,68,68,0,250184873,558-7784 Fringilla Ave,Calder,32064,(993) 445-7399,Adipiscing Foundation,Quality Assurance,2359,0,Cerchio,2,1483
69,69,69,1,254934874,Ap #556-8344 Dolor Street,Narbonne,88727,(370) 204-1806,Ultrices A Consulting,Advertising,1473,1,Pavone del Mella,2,1256
70,70,70,1,289280594,"Ap #407-734 At, Ave",Palmerston,16303,(635) 467-0678,Mauris Ut LLP,Customer Relations,1683,0,Wanganui,3,854
71,71,71,0,233197310,779-240 Nunc. St.,Sint-Pieters-Kapelle,42932,(839) 753-8116,Molestie Sodales Corporation,Tech Support,2253,1,Kalgoorlie-Boulder,2,1069
72,72,72,0,216902499,572-1280 Et Road,Darbhanga,89374,(983) 106-4659,Cursus In Industries,Media Relations,1966,1,Indianapolis,3,915
73,73,73,0,226828844,"P.O. Box 543, 7751 Et Avenue",Alert Bay,20339,(822) 868-0119,Consequat Dolor Vitae Consulting,Legal Department,1558,0,Ottignies,2,1201
74,74,74,0,258033978,669-2802 A St.,Rechnitz,62277,(569) 309-0125,Suspendisse Commodo Tincidunt Company,Customer Relations,2273,0,Maria,3,1165
75,75,75,0,209883794,"P.O. Box 931, 4907 Sed Rd.",Ockelbo,75972,(259) 756-1567,Maecenas LLC,Asset Management,1452,0,Cache Creek,3,1495
76,76,76,0,258905822,Ap #317-2637 Donec Rd.,Salem,67997,(644) 762-4135,Curabitur Dictum Foundation,Legal Department,1543,0,Penticton,1,966
77,77,77,0,287636136,Ap #288-5331 Pulvinar St.,Wageningen,37789,(644) 978-1883,Auctor Industries,Research and Development,840,0,Episcopia,3,867
78,78,78,1,260270705,Ap #502-6198 Sed Avenue,Koblenz,96030,(776) 879-0775,Amet Corporation,Advertising,1857,0,Treguaco,1,715
79,79,79,1,218921916,4810 Sed Ave,Alma,64713,(191) 229-7646,Risus Ltd,Quality Assurance,3010,1,Bairnsdale,2,786
80,80,80,0,299706372,"P.O. Box 809, 5497 Parturient Road",Tranent,44277,(846) 704-2248,A Associates,Customer Service,1931,1,Geleen,2,1049
81,81,81,1,296759299,663-6050 Orci. Road,Lint,64350,(490) 522-5108,Quis Corp.,Media Relations,1489,0,Hattem,2,791
82,82,82,0,223389423,"Ap #729-713 Non, Road",Graneros,75852,(989) 823-4266,Euismod LLC,Human Resources,3901,1,Meridian,3,986
83,83,83,1,225426569,400-822 Leo Rd.,Freising,24631,(368) 551-3844,Maecenas Ornare Egestas Associates,Tech Support,1917,0,Izel,3,1409
84,84,84,0,232004216,472-4117 Tempus Rd.,Watson Lake,20965,(271) 294-9937,Sit Amet Massa LLP,Advertising,2886,0,Tulita,1,757
85,85,85,1,257690675,828-3969 Et Road,Sydney,68392,(406) 475-6599,Mi Inc.,Research and Development,3372,0,Moradabad,3,798
86,86,86,0,288471112,7733 Aliquam St.,Macduff,51421,(282) 531-4506,Dui Nec Inc.,Legal Department,1276,0,Maringá,1,1430
87,87,87,0,235629123,"1445 Odio, Av.",Rewa,23189,(261) 622-2540,Integer Associates,Human Resources,1881,0,Khanewal,3,862
88,88,88,0,269735152,697-9703 Risus. Street,Weymouth,94846,(677) 868-2056,Malesuada Fringilla LLC,Advertising,2901,1,Tourinne,3,1233
89,89,89,0,233666878,Ap #120-2273 Amet Street,Bismil,48480,(857) 418-3740,Dui Associates,Accounting,2355,1,Sommethonne,1,1326
90,90,90,1,252092226,Ap #449-6863 Nec Street,Rum,98493,(657) 716-1332,Imperdiet Company,Customer Service,3468,1,Gibsons,1,1268
91,91,91,1,243626164,Ap #836-8733 Primis St.,North Saanich,44399,(741) 835-2993,Est Arcu Corporation,Quality Assurance,867,0,Lonquimay,1,1499
92,92,92,1,233651695,274-3678 Nonummy St.,Gravelbourg,68026,(637) 888-2993,Et LLP,Legal Department,2703,0,Jedburgh,1,924
93,93,93,0,256375950,Ap #926-3192 Nam Avenue,Vrasene,66188,(979) 395-8344,Est Nunc Corp.,Quality Assurance,3712,1,Lutsel K'e,1,1065
94,94,94,1,251463104,Ap #738-1459 Urna. St.,Linkebeek,50085,(386) 534-7599,Tortor LLP,Finances,1596,1,New Orleans,3,921
95,95,95,0,255861494,Ap #219-557 Ac Street,Akron,47890,(805) 498-9639,Orci Consulting,Human Resources,1941,1,Wijshagen,3,711
96,96,96,0,220493027,"P.O. Box 291, 7154 Faucibus. St.",Den Helder,72274,(524) 570-1328,Nisl Arcu Inc.,Public Relations,828,1,Loupoigne,3,1202
97,97,97,1,260894205,1400 Ac Road,Camborne,45624,(874) 994-8131,Mi Foundation,Asset Management,1885,1,Villanovafranca,3,1445
98,98,98,0,224836325,Ap #805-8952 Ipsum Rd.,Caxias,80078,(819) 842-9175,Vel Ltd,Customer Service,3540,0,Bharatpur,2,803
99,99,99,0,260111465,308-1590 Eu Ave,Springfield,39932,(447) 184-1805,Quisque Tincidunt Pede Inc.,Public Relations,3000,1,Sint-Michiels,3,833
100,100,100,1,277276368,Ap #347-8348 Faucibus Av.,Santiago,55609,(745) 427-7500,Cursus Purus Nullam LLC,Advertising,2114,0,Newark,1,1410
